,Language,PercentageDenominationLanguage
0,English,0.8743127754533375
1,Germany,0.7401416417823938
2,Dutch,73.52379551889882
3,French,47.118218722562005
4,unknown,45.158032128082986
