,Language,PercentageDenominationLanguage
0,Dutch,73.5237955188988
1,French,47.118218722562
2,Others,45.158032128083
3,English,0.874312775453337
4,German,0.740141641782394
