,TypeOfEnterprise,quantity_of_companies
0,2,59.01646118804783
1,1,40.98353881195219
